{
	"partitions" : [
		{
			"name" : "Top",
			"pins" : [
				{
					"name" : "seg[0]",
					"strict" : false
				},
				{
					"name" : "seg[1]",
					"strict" : false
				},
				{
					"name" : "seg[2]",
					"strict" : false
				},
				{
					"name" : "seg[3]",
					"strict" : false
				},
				{
					"name" : "seg[4]",
					"strict" : false
				},
				{
					"name" : "seg[5]",
					"strict" : false
				},
				{
					"name" : "seg[6]",
					"strict" : false
				},
				{
					"name" : "state[0]",
					"strict" : false
				},
				{
					"name" : "state[1]",
					"strict" : false
				},
				{
					"name" : "state[2]",
					"strict" : false
				},
				{
					"name" : "key_input[0]",
					"strict" : false
				},
				{
					"name" : "key_input[1]",
					"strict" : false
				},
				{
					"name" : "key_input[2]",
					"strict" : false
				},
				{
					"name" : "key_input[3]",
					"strict" : false
				},
				{
					"name" : "enter",
					"strict" : false
				},
				{
					"name" : "clk",
					"strict" : false
				},
				{
					"name" : "reset",
					"strict" : false
				}
			]
		}
	]
}